State,Region
Unknown,Central South
SC,Southeast
OH,Central East
Unknown,Central East
IN,West Central
IN,Central South
,West Central
,West Central
,West Central
Unknown,West  
,West  
,West  
,West  
,West  
,West  
OH,Central East
MO,West Central
WI,Central East
MO,West Central
IN,West Central
IN,West Central
IN,West Central
MI,Central South
,Southeast
,Southeast
,Southeast
,Southeast
,Southeast
WI,Central East
KY,Central South
,West Central
OH,Central East
CO,West  
CO,West  
FL,Southeast
IN,West Central
IN,Central South
Unknown,Central South
CA,West  
OH,Central East
OH,Central East
CO,West  
GA,Southeast
WA,West  
IN,West Central
WI,Central East
OH,Central East
WI,Central East
WI,Central East
WI,Central East
WI,Central East
IN,West Central
IN,West Central
Unknown,West Central
IN,West Central
IN,West Central
IN,West Central
IN,West Central
IN,West Central
IN,West Central
IN,West Central
WA,West  
OH,Central East
OH,Central East
OH,Central East
WA,West  
IN,Central East
OH,Central East
IN,Central East
NY,Central East
NY,Central East
NY,Central East
NY,Central East
NY,Central East
NY,Central East
NY,Central East
NY,Central East
IN,West Central
CA,West  
CA,West  
OH,Central East
MO,West Central
MO,West Central
IN,West Central
CO,West  
GA,Southeast
OH,Central East
OH,Central East
OH,Central East
SC,Southeast
MI,Central South
WI,Central East
FL,Southeast
IN,West Central
IN,West Central
WA,West  
GA,Southeast
IN,West Central
IN,West Central
KS,West Central
NC,Southeast
NV,West  
,West Central
OH,Central East
OH,Central East
GA,Southeast
Unknown,West  
CO,West  
IN,West Central
OH,Central East
CA,West  
IN,West Central
IN,West Central
OH,Central East
IN,West Central
OH,Central East
IN,West Central
CO,West  
Unknown,West  
Unknown,West  
Unknown,West  
Unknown,West  
Unknown,West  
Unknown,West  
Unknown,West  
OH,Central East
OH,Central East
OH,Central East
MO,West Central
IN,West Central
NC,Southeast
IN,Central East
OH,Central East
IN,West Central
Unknown,West Central
WI,Central East
IN,West Central
IN,West Central
CO,West  
CA,West  
IN,West  
IA,West  
MI,West  
MO,West  
NV,West  
NJ,West  
NC,West  
SC,West  
WI,West  
IL,West  
MD,West  
CO,West  
Unknown,West Central
IN,West Central
MO,West Central
CO,West  
IN,West Central
WA,West  
IL,Central East
Unknown,West Central
OH,Central East
OH,Central East
OH,Central East
IN,West Central
IN,West Central
Unknown,Central East
IN,West Central
CO,West  
IN,West Central
SC,Southeast
TX,Central East
NC,Southeast
WI,Central East
IL,Central East
NV,West  
IL,Central East
SC,Southeast
IN,West Central
OH,Central East
IN,West Central
IN,West Central
IN,West Central
IN,West Central
OH,Central East
OH,Central East
OH,Central East
,Central East
FL,Southeast
IN,West Central
IN,West Central
IN,West Central
IN,West Central
IN,West Central
Unknown,West Central
IN,West Central
IN,West Central
IN,West Central
IN,West Central
,West Central
IN,West Central
IN,West Central
OH,Central East
MO,West Central
CA,West  
OH,Central East
WI,Central East
MO,West Central
MO,West Central
IN,West Central
IN,West Central
IN,West Central
IL,Central East
IN,West Central
IN,West Central
IN,West Central
IN,West Central
IN,West Central
VA,Southeast
IN,West Central
WI,Central East
IN,West Central
IN,West Central
IN,West Central
WI,Central East
OH,Central East
IN,West Central
IN,West Central
OH,Central East
WI,Central East
WI,Central East
IN,West Central
CO,West  
CO,West  
IN,West Central
CO,West  
FL,Southeast
CO,West  
IL,Central East
IN,West Central
IN,West Central
IL,Central East
NV,West  
IN,West Central
IN,West Central
FL,Southeast
OH,Central East
IN,West Central
IN,West Central
IN,West Central
IN,West Central
IN,West Central
CO,Unknown
,West Central
OH,Central East
Unknown,West  
Unknown,West  
Unknown,West  
IN,West Central
IN,West Central
IN,West Central
IN,West Central
IN,West Central
OH,Central East
OH,Central East
IN,West Central
FL,Southeast
WI,Central East
WI,Central East
IN,West Central
OH,West Central
IN,West Central
,West Central
IN,West Central
WI,Central East
,West Central
WA,West  
IN,West Central
IN,West Central
WI,Central East
,West Central
OH,Central East
OH,Central East
IN,West Central
OH,Central East
MO,West Central
CO,West  
NJ,Central East
IN,West Central
IN,West Central
IN,West Central
IN,West Central
WA,West  
,West Central
CA,West  
WV,Central East
IN,West Central
NV,West  
,West Central
IN,West Central
IN,West Central
OH,Central East
MO,West Central
IN,West Central
WA,West  
WA,West  
WA,West  
WA,West  
WA,West  
WA,West  
IN,West Central
SC,Southeast
IN,West Central
MD,Central East
CO,West  
IN,West Central
NC,Southeast
CA,West  
IN,West Central
PA,Central East
WI,Central East
WI,Central East
WI,Central East
WI,Central East
IN,West Central
MO,West Central
OH,Central East
WI,Central East
CA,West  
IN,West Central
WI,Central East
CO,West  
KY,Central South
IN,West Central
KY,West  
OH,West  
WA,West  
WV,West  
IN,West Central
OH,Central East
Unknown,West  
CO,West  
TX,West  
IN,West Central
IN,West Central
AZ,West  
KS,West Central
CT,Central East
OH,Central East
SC,Southeast
MN,Central East
IN,West Central
KS,West Central
IN,West Central
NY,Central East
MI,West Central
WI,Central East
PA,Central East
KY,Central South
IL,Central East
WI,Central East
NC,Southeast
NC,Southeast
NC,Southeast
NC,Southeast
IN,West Central
NC,Southeast
NC,Southeast
NC,Southeast
IN,West Central
KY,Central South
IN,West Central
OH,Central East
IN,West Central
NC,Southeast
TN,Southeast
NC,Southeast
NC,Southeast
TN,Southeast
NC,Southeast
WV,Central East
KY,Central South
TX,West  
IN,West Central
OH,Central East
WA,West  
IN,West Central
LA,Central South
IN,West Central
IN,West Central
PA,West  
GA,Southeast
IN,West Central
IN,West Central
IN,West Central
GA,Southeast
NC,Southeast
OH,Southeast
TX,Southeast
OK,Southeast
OK,Southeast
KS,Southeast
NC,Southeast
TX,Southeast
VA,Southeast
OH,Southeast
SC,Southeast
IN,West Central
SC,Southeast
GA,Southeast
NC,Southeast
AL,Central South
NC,Southeast
NC,Southeast
IN,West Central
IN,West Central
CO,West  
MI,West Central
OH,West Central
KY,Central South
OH,Central East
IN,West Central
IN,West Central
IN,West Central
PA,Central East
FL,Southeast
IN,West Central
IN,West Central
NC,West Central
OH,Central East
IN,West Central
CA,West  
KY,Central South
VA,Central South
VA,Central South
WI,Central East
AR,Central South
OH,Central East
IN,West Central
IN,West Central
MN,Central East
NC,Southeast
VA,Central South
SC,Southeast
SC,Southeast
NC,Southeast
SC,Southeast
SC,Southeast
SC,Southeast
GA,Southeast
SC,Southeast
SC,Southeast
SC,Southeast
SC,Southeast
GA,Southeast
TN,Southeast
GA,Southeast
FL,Southeast
SC,Southeast
SC,Southeast
GA,Southeast
GA,Southeast
SC,Southeast
FL,Southeast
SC,Southeast
GA,Southeast
GA,Southeast
GA,Southeast
SC,Southeast
SC,Southeast
NC,Southeast
IN,West Central
SC,Southeast
GA,Southeast
MS,Southeast
IN,West Central
Unknown,West Central
NC,Southeast
MI,Southeast
OH,Central East
IN,West Central
IN,West Central
KY,Central South
IN,West Central
NC,Southeast
NC,Southeast
VA,Southeast
IL,Southeast
TN,Southeast
MO,Southeast
GA,Southeast
IN,West Central
PA,Southeast
CO,West  
WI,Central East
IN,West Central
MN,Central East
KY,Central South
VA,Central South
VA,Central South
VA,Central South
SC,Southeast
GA,Southeast
SC,Southeast
SC,Southeast
SC,Southeast
SC,Southeast
SC,Southeast
MS,Southeast
IL,Central East
WI,Central East
KY,Central South
SC,Southeast
NC,Southeast
GA,Southeast
MS,Central South
OR,West  
NV,West  
NV,West  
MD,Central East
SC,Southeast
TN,Central South
NC,Southeast
NV,West  
IN,West Central
IN,West Central
KY,Central South
NC,Southeast
NC,Southeast
NC,Southeast
NC,Southeast
NC,Southeast
MI,Central South
MS,Central South
PA,Central East
PA,Central East
OH,Central East
OH,Central East
IN,West Central
MO,West Central
MN,West Central
IL,West Central
MO,West Central
MO,West Central
OH,Central East
IA,Central East
SC,Southeast
SC,Southeast
SC,Southeast
SC,Southeast
NJ,Southeast
SC,Southeast
,Southeast
WI,Central East
NY,Central East
Unknown,West  
Unknown,Central East
Unknown,Central East
IN,Central South
KY,Central South
Unknown,Southeast
MO,West Central
NJ,Central East
Unknown,Central East
IL,Central East
CA,Central East
DE,Central East
KS,Central East
CA,West  
WA,West  
Unknown,Unknown
WI,Central East
Unknown,West Central
MD,West  
Unknown,Southeast
Unknown,Southeast
Unknown,West Central
IN,West Central
Unknown,West Central
Unknown,Unknown
Unknown,West  
VA,Central South
OH,Central East
OH,Central East
IN,Central East
OH,Central East
KY,Central South
IN,West Central
IN,West Central
IN,West Central
NY,Central East
Unknown,Central East
,Unknown
NJ,Central East
,Southeast
NJ,Central East
Unknown,Central South
WI,Central East
TN,Central South
KY,Central South
Unknown,West  
,West Central
IN,West Central
Unknown,Central East
Unknown,Central South
,West Central
,West  
,West  
Unknown,Central South
IN,West Central
Unknown,Unknown
IN,West Central
VA,Central South
IL,Central East
Unknown,West  
,West Central
NY,Central East
NC,Southeast
Unknown,Southeast
Unknown,West Central
NC,Southeast
NH,Southeast
Unknown,West Central
Unknown,Southeast
SC,Southeast
Unknown,West Central
Unknown,West Central
SC,Central South
Unknown,Southeast
,Unknown
,West Central
IN,West Central
IN,West Central
Unknown,West  
,Southeast
Unknown,Central East
Unknown,West  
Unknown,Unknown
Unknown,Southeast
Unknown,Southeast
Unknown,Southeast
MI,Central South
IN,West Central
IN,West Central
Unknown,West Central
VA,Central South
,Southeast
OH,Central East
Unknown,Unknown
NJ,Central East
IN,West Central
Unknown,Central East
NJ,Central East
Unknown,West Central
Unknown,West Central
PA,Central East
OH,Central East
Unknown,West Central
,West Central
Unknown,Central East
IL,West Central
Unknown,West Central
,Unknown
Unknown,Unknown
PA,Central East
OH,Central East
NC,Southeast
OH,Southeast
PA,Central East
Unknown,West Central
IN,West Central
Unknown,Central East
NJ,Central East
Unknown,Unknown
Unknown,West Central
,Unknown
PA,Central East
CA,West  
Unknown,Unknown
Unknown,Unknown
Unknown,Central East
IN,West Central
,Unknown
,West  
,Southeast
,Central East
,West Central
,Central South
,Central South
,West Central
,Central East
,Southeast
,Central East
,Central East
,West  
,Central East
,Southeast
Unknown,Unknown
Unknown,Unknown
AZ,West  
Unknown,Central East
Unknown,West  
WI,Central East
WI,Central East
,West Central
Unknown,Southeast
Unknown,Unknown
Unknown,West Central
IN,West Central
VA,Central South
,West Central
Unknown,Central East
SC,Southeast
OH,Central East
Unknown,Central East
Unknown,West  
Unknown,West Central
WI,Central East
Unknown,Central East
,West Central
NC,Southeast
NV,West  
IL,Central East
Unknown,West Central
Unknown,Unknown
Unknown,Unknown
WI,Central East
WI,Central East
MO,West Central
,West Central
WI,Central East
Unknown,West Central
